{"cameraMode":{"drawMode":0,"name":"Shaded","section":"Shading Mode"},"sceneLighting":true,"audioPlay":false,"sceneViewState":{"showFog":true,"showMaterialUpdate":false,"showSkybox":true,"showFlares":true,"showImageEffects":true,"showParticleSystems":true},"in2DMode":false,"pivot":{"x":0.009521484375,"y":0.2144775390625,"z":0.169769287109375},"rotation":{"x":-0.10986370593309403,"y":0.8026134371757507,"z":-0.15602301061153413,"w":-0.5651535987854004},"size":0.7506304383277893,"orthographic":true}